,href
Глава 9. Покровитель и Гоблины,https://ranobelib.ru/tensei-shitara-slime-datta-ken/glava-9-pokrovitel-i-gobliny/
Глава 8. Сила в моих руках,https://ranobelib.ru/tensei-shitara-slime-datta-ken/glava-8-sila-v-moih-rukah/
Глава 7. Первая битва,https://ranobelib.ru/tensei-shitara-slime-datta-ken/glava-7-pervaya-bitva/
Глава 6. Приобретение навыков,https://ranobelib.ru/tensei-shitara-slime-datta-ken/glava-6-priobretenie-navykov/
Глава 5. Первые отголоски.,https://ranobelib.ru/tensei-shitara-slime-datta-ken/glava-5-pervye-otgoloski/
Глава 4. Мой первый друг.,https://ranobelib.ru/tensei-shitara-slime-datta-ken/glava-4-moj-pervyj-drug/
Глава 3. Первый разговор.,https://ranobelib.ru/tensei-shitara-slime-datta-ken/glava-3-pervyj-razgovor/
Глава 2. Первый контакт.,https://ranobelib.ru/tensei-shitara-slime-datta-ken/glava-2-pervyj-kontakt/
"Глава 1. Давайте посмотрим, на что я способен",https://ranobelib.ru/tensei-shitara-slime-datta-ken/glava-1-davajte-posmotrim-na-chto-ya-sposoben/
Пролог: Смерть… и перерождение,https://ranobelib.ru/tensei-shitara-slime-datta-ken/prolog-smert-i-pererozhdenie/
"Глава 58. Призванные ~ те, кого называют героями",https://ranobelib.ru/tensei-shitara-slime-datta-ken/glava-58-prizvannye-te-kogo-nazyvayut-geroyami/
Глава 57. Изучение магии,https://ranobelib.ru/tensei-shitara-slime-datta-ken/glava-57-izuchenie-magii/
Глава 56. Королевство Инграция,https://ranobelib.ru/tensei-shitara-slime-datta-ken/glava-56-korolevstvo-ingratsiya/
Глава 55. Регистрация авантюристов,https://ranobelib.ru/tensei-shitara-slime-datta-ken/glava-55-registratsiya-avantyuristov/
Глава 54. Бизнес ~ Начало торговли,https://ranobelib.ru/tensei-shitara-slime-datta-ken/glava-54-biznes-nachalo-torgovli/
Глава 53. Ассоциация Свободы,https://ranobelib.ru/tensei-shitara-slime-datta-ken/glava-53-assotsiatsiya-svobody/
Глава 52. Путешествие,https://ranobelib.ru/tensei-shitara-slime-datta-ken/glava-52-puteshestvie/
Глава 51. Город людей,https://ranobelib.ru/tensei-shitara-slime-datta-ken/glava-51-gorod-lyudej/
Глава 50. Рубеж Гаррисона,https://ranobelib.ru/tensei-shitara-slime-datta-ken/glava-50-rubezh-garrisona/
Глава 49. Нашествие Милим,https://ranobelib.ru/tensei-shitara-slime-datta-ken/glava-49-nashestvie-milim/
Глава 48. Вторжение Лордов Демонов,https://ranobelib.ru/tensei-shitara-slime-datta-ken/glava-48-vtorzhenie-lordov-demonov/
Глава 47. Специализация города,https://ranobelib.ru/tensei-shitara-slime-datta-ken/glava-47-spetsializatsiya-goroda/
Глава 46. Два договора и Основание города.,https://ranobelib.ru/tensei-shitara-slime-datta-ken/glava-46-dva-dogovora-i-osnovanie-goroda/
"Глава 45. Те, кто наблюдает",https://ranobelib.ru/tensei-shitara-slime-datta-ken/glava-45-te-kto-nablyudaet/
"Глава 44. Итак, строительство города окончено",https://ranobelib.ru/tensei-shitara-slime-datta-ken/glava-44-itak-stroitelstvo-goroda-okoncheno/
Глава 43. Военные репарации,https://ranobelib.ru/tensei-shitara-slime-datta-ken/glava-43-voennye-reparatsii/
Глава 42. Великий Союз Леса Джура,https://ranobelib.ru/tensei-shitara-slime-datta-ken/glava-42-velikij-soyuz-lesa-dzhura/
Глава 41. Хищник,https://ranobelib.ru/tensei-shitara-slime-datta-ken/glava-41-hishhnik/
Глава 40. Орочья катастрофа,https://ranobelib.ru/tensei-shitara-slime-datta-ken/glava-40-orochya-katastrofa/
Глава 39. Шестерёнки судьбы,https://ranobelib.ru/tensei-shitara-slime-datta-ken/glava-39-shesteryonki-sudby/
Глава 38. Дьявол Гельмудо,https://ranobelib.ru/tensei-shitara-slime-datta-ken/glava-38-dyavol-gelmudo/
Глава 37. Встреча ~ Бенимару и Ранга,https://ranobelib.ru/tensei-shitara-slime-datta-ken/glava-37-vstrecha-benimaru-i-ranga/
Глава 36. Участие в войне,https://ranobelib.ru/tensei-shitara-slime-datta-ken/glava-36-uchastie-v-vojne/
Глава 35. Подготовка к войне,https://ranobelib.ru/tensei-shitara-slime-datta-ken/glava-35-podgotovka-k-vojne/
Глава 34. Начало войны,https://ranobelib.ru/tensei-shitara-slime-datta-ken/glava-34-nachalo-vojny/
Глава 33. Публика,https://ranobelib.ru/tensei-shitara-slime-datta-ken/glava-33-publika/
Глава 32. Занавес поднимается,https://ranobelib.ru/tensei-shitara-slime-datta-ken/glava-32-zanaves-podnimaetsya/
Глава 31. Экстренное совещание,https://ranobelib.ru/tensei-shitara-slime-datta-ken/glava-31-ekstrennoe-soveshhanie/
Глава 30. Посланник,https://ranobelib.ru/tensei-shitara-slime-datta-ken/glava-30-poslannik/
Глава 29. Вторжение ящеров,https://ranobelib.ru/tensei-shitara-slime-datta-ken/glava-29-vtorzhenie-yashherov/
Глава 28. Выбор профессии,https://ranobelib.ru/tensei-shitara-slime-datta-ken/glava-28-vybor-professii/
Глава 27. Клан огров,https://ranobelib.ru/tensei-shitara-slime-datta-ken/glava-27-klan-ogrov/
Глава 26. Новые способности,https://ranobelib.ru/tensei-shitara-slime-datta-ken/glava-26-novye-sposobnosti/
Глава 25. Трансформация в человека.,https://ranobelib.ru/tensei-shitara-slime-datta-ken/glava-25-transformatsiya-v-cheloveka/
Глава 24. Воспоминания ~ Похоронный марш,https://ranobelib.ru/tensei-shitara-slime-datta-ken/glava-24-vospominaniya-pohoronnyj-marsh/
Глава 23. Пламенный великан.,https://ranobelib.ru/tensei-shitara-slime-datta-ken/glava-23-plamennyj-velikan/
Глава 22. Прибывшие авантюристы,https://ranobelib.ru/tensei-shitara-slime-datta-ken/glava-22-pribyvshie-avantyuristy/
Глава 21. Новое движение,https://ranobelib.ru/tensei-shitara-slime-datta-ken/glava-21-novoe-dvizhenie/
Глава 20. На пути к возрождению деревни.,https://ranobelib.ru/tensei-shitara-slime-datta-ken/glava-20-na-puti-k-vozrozhdeniyu-derevni/
Глава 19. Возвращение в деревню,https://ranobelib.ru/tensei-shitara-slime-datta-ken/glava-19-vozvrashhenie-v-derevnyu/
"Глава 18,5. Гобута на связи!",https://ranobelib.ru/tensei-shitara-slime-datta-ken/glava-18-5-gobuta-na-svyazi/
Глава 18. Итоги вражды,https://ranobelib.ru/tensei-shitara-slime-datta-ken/glava-18-itogi-vrazhdy/
Глава 17. Выполненное обещание,https://ranobelib.ru/tensei-shitara-slime-datta-ken/glava-17-vypolnennoe-obeshhanie/
Глава 16. Гном-кузнец,https://ranobelib.ru/tensei-shitara-slime-datta-ken/glava-16-gnom-kuznets/
Глава 15. Сделка со стражей.,https://ranobelib.ru/tensei-shitara-slime-datta-ken/glava-15-sdelka-so-strazhej/
Глава 14. Неприятность.,https://ranobelib.ru/tensei-shitara-slime-datta-ken/glava-14-nepriyatnost/
Глава 13. К Карликовому Королевству,https://ranobelib.ru/tensei-shitara-slime-datta-ken/glava-13-k-karlikovomu-korolevstvu/
Глава 12.,https://ranobelib.ru/tensei-shitara-slime-datta-ken/glava-12-2/
Глава 11. Превращение монстров,https://ranobelib.ru/tensei-shitara-slime-datta-ken/glava-11-prevrashhenie-monstrov/
Глава 10. Битва у деревни Гоблинов,https://ranobelib.ru/tensei-shitara-slime-datta-ken/glava-10-bitva-u-derevni-goblinov/
Глава 108. Финал турнира (часть 3),https://ranobelib.ru/tensei-shitara-slime-datta-ken/glava-108-final-turnira-chast-3/
Глава 107. Финал турнира (часть 2),https://ranobelib.ru/tensei-shitara-slime-datta-ken/glava-107-final-turnira-chast-2/
Глава 106. Финал турнира (часть 1),https://ranobelib.ru/tensei-shitara-slime-datta-ken/glava-106-final-turnira-chast-1/
Глава 105. Предварительный раунд,https://ranobelib.ru/tensei-shitara-slime-datta-ken/glava-105-predvaritelnyj-raund/
Глава 104. Ночь накануне,https://ranobelib.ru/tensei-shitara-slime-datta-ken/glava-104-noch-nakanune/
Глава 103. Монстры-рабы,https://ranobelib.ru/tensei-shitara-slime-datta-ken/glava-103-monstry-raby/
Глава 102. Аудиенция с монстрами,https://ranobelib.ru/tensei-shitara-slime-datta-ken/glava-102-audientsiya-s-monstrami/
Глава 101. Чёткий план,https://ranobelib.ru/tensei-shitara-slime-datta-ken/glava-101-chyotkij-plan/
Глава 100. Подземный лабиринт,https://ranobelib.ru/tensei-shitara-slime-datta-ken/glava-100-podzemnyj-labirint/
Глава 99. Подготовка к турниру,https://ranobelib.ru/tensei-shitara-slime-datta-ken/glava-99-podgotovka-k-turniru/
Глава 98. Официальное приглашение,https://ranobelib.ru/tensei-shitara-slime-datta-ken/glava-98-ofitsialnoe-priglashenie/
Глава 97. Компенсация и последующие отношения,https://ranobelib.ru/tensei-shitara-slime-datta-ken/glava-97-kompensatsiya-i-posleduyushhie-otnosheniya/
Глава 96. Возможность поговорить,https://ranobelib.ru/tensei-shitara-slime-datta-ken/glava-96-vozmozhnost-pogovorit/
Глава 95. Безоговорочная победа,https://ranobelib.ru/tensei-shitara-slime-datta-ken/glava-95-bezogovorochnaya-pobeda/
Глава 94. Кукловод,https://ranobelib.ru/tensei-shitara-slime-datta-ken/glava-94-kuklovod/
Глава 93. Священные рыцари (часть 4),https://ranobelib.ru/tensei-shitara-slime-datta-ken/glava-93-svyashhennye-rytsari-chast-4/
Глава 92. Священные рыцари (часть 3),https://ranobelib.ru/tensei-shitara-slime-datta-ken/glava-92-svyashhennye-rytsari-chast-3/
Глава 91. Священные рыцари (часть 2),https://ranobelib.ru/tensei-shitara-slime-datta-ken/glava-91-svyashhennye-rytsari-chast-2/
Глава 90. Священные Рыцари (часть 1),https://ranobelib.ru/tensei-shitara-slime-datta-ken/glava-90-svyashhennye-rytsari-chast-1/
Глава 89. Новый план,https://ranobelib.ru/tensei-shitara-slime-datta-ken/glava-89-novyj-plan/
Глава 88. Ко второй встрече,https://ranobelib.ru/tensei-shitara-slime-datta-ken/glava-88-ko-vtoroj-vstreche/
Глава 87. Святой город.,https://ranobelib.ru/tensei-shitara-slime-datta-ken/glava-87-svyatoj-gorod/
"Глава 86. Те, кто передвигается в тени.",https://ranobelib.ru/tensei-shitara-slime-datta-ken/glava-86-te-kto-peredvigaetsya-v-teni/
Глава 85. Донесение,https://ranobelib.ru/tensei-shitara-slime-datta-ken/glava-85-donesenie/
Глава 84. Падение Королевства Фармас,https://ranobelib.ru/tensei-shitara-slime-datta-ken/glava-84-padenie-korolevstva-farmas/
Глава 83. Восьмиконечная звезда демонов-лордов,https://ranobelib.ru/tensei-shitara-slime-datta-ken/glava-83-vosmikonechnaya-zvezda-demonov-lordov/
Глава 82. Равноправие в смерти,https://ranobelib.ru/tensei-shitara-slime-datta-ken/glava-82-ravnopravie-v-smerti/
Глава 81. На Банкете,https://ranobelib.ru/tensei-shitara-slime-datta-ken/glava-81-na-bankete/
Глава 80. Происшествие перед Банкетом,https://ranobelib.ru/tensei-shitara-slime-datta-ken/glava-80-proisshestvie-pered-banketom/
Глава 79. Дино и Дагрул,https://ranobelib.ru/tensei-shitara-slime-datta-ken/glava-79-dino-i-dagrul/
Глава 78. Демоны-лорды,https://ranobelib.ru/tensei-shitara-slime-datta-ken/glava-78-demony-lordy/
Глава 77. Доклад Рамирис,https://ranobelib.ru/tensei-shitara-slime-datta-ken/glava-77-doklad-ramiris/
Глава 76. Встреча. Принятие решений,https://ranobelib.ru/tensei-shitara-slime-datta-ken/glava-76-vstrecha-prinyatie-reshenij/
Глава 75. Встреча,https://ranobelib.ru/tensei-shitara-slime-datta-ken/glava-75-vstrecha/
Глава 74. Вельдора,https://ranobelib.ru/tensei-shitara-slime-datta-ken/glava-74-veldora/
Глава 73. Освобождённый,https://ranobelib.ru/tensei-shitara-slime-datta-ken/glava-73-osvobozhdyonnyj/
Глава 72. После пробуждения,https://ranobelib.ru/tensei-shitara-slime-datta-ken/glava-72-posle-probuzhdeniya/
"Глава 71. Единственный, кто переродился",https://ranobelib.ru/tensei-shitara-slime-datta-ken/glava-71-edinstvennyj-kto-pererodilsya/
Глава 70. Праздник сбора урожая,https://ranobelib.ru/tensei-shitara-slime-datta-ken/glava-70-prazdnik-sbora-urozhaya/
Глава 69. Рождение повелителя Демонов,https://ranobelib.ru/tensei-shitara-slime-datta-ken/glava-69-rozhdenie-povelitelya-demonov/
Глава 68. Душа и надежда,https://ranobelib.ru/tensei-shitara-slime-datta-ken/glava-68-dusha-i-nadezhda/
Глава 67. Лесные противники,https://ranobelib.ru/tensei-shitara-slime-datta-ken/glava-67-lesnye-protivniki/
Глава 66. Случайная встреча,https://ranobelib.ru/tensei-shitara-slime-datta-ken/glava-66-sluchajnaya-vstrecha/
Глава 65. Прелюдия к катастрофе,https://ranobelib.ru/tensei-shitara-slime-datta-ken/glava-65-prelyudiya-k-katastrofe/
Глава 64. Последние дни в Королевской Столице,https://ranobelib.ru/tensei-shitara-slime-datta-ken/glava-64-poslednie-dni-v-korolevskoj-stolitse/
Глава 63. Дети и духи,https://ranobelib.ru/tensei-shitara-slime-datta-ken/glava-63-deti-i-duhi/
Глава 62. Духи – это…,https://ranobelib.ru/tensei-shitara-slime-datta-ken/glava-62-duhi-eto/
Глава 61. Первое завоевание Подземелья,https://ranobelib.ru/tensei-shitara-slime-datta-ken/glava-61-pervoe-zavoevanie-podzemelya/
"Глава 60. Немного внезапно, но давайте проведём тест",https://ranobelib.ru/tensei-shitara-slime-datta-ken/glava-60-nemnogo-vnezapno-no-davajte-provedyom-test/
Глава 59. Церковь делает ход,https://ranobelib.ru/tensei-shitara-slime-datta-ken/glava-59-tserkov-delaet-hod/
Глава 157. Битва за Подземелье,https://ranobelib.ru/tensei-shitara-slime-datta-ken/glava-157-bitva-za-podzemele/
Глава 156. Встреча в Лабиринте,https://ranobelib.ru/tensei-shitara-slime-datta-ken/glava-156-vstrecha-v-labirinte/
Глава 155. Первая победа и основные силы врага,https://ranobelib.ru/tensei-shitara-slime-datta-ken/glava-155-pervaya-pobeda-i-osnovnye-sily-vraga/
Глава 154. Начало великой войны. Улыбающийся демон,https://ranobelib.ru/tensei-shitara-slime-datta-ken/glava-154-nachalo-velikoj-vojny-ulybayushhijsya-demon/
Глава 153. Начало великой войны. Первый разгром,https://ranobelib.ru/tensei-shitara-slime-datta-ken/glava-153-nachalo-velikoj-vojny-pervyj-razgrom/
Глава 152. Начало великой войны. Волнение и решимость,https://ranobelib.ru/tensei-shitara-slime-datta-ken/glava-152-nachalo-velikoj-vojny-volnenie-i-reshimost/
Глава 151. Начало великой войны. Старт,https://ranobelib.ru/tensei-shitara-slime-datta-ken/glava-151-nachalo-velikoj-vojny-start/
Глава 150. Сбывшиеся ожидания,https://ranobelib.ru/tensei-shitara-slime-datta-ken/glava-150-sbyvshiesya-ozhidaniya/
Глава 149. Вечер перед началом войны,https://ranobelib.ru/tensei-shitara-slime-datta-ken/glava-149-vecher-pered-nachalom-vojny/
Глава 148. Запоздалое решение,https://ranobelib.ru/tensei-shitara-slime-datta-ken/glava-148-zapozdaloe-reshenie/
Глава 147. Империя зашевелилась,https://ranobelib.ru/tensei-shitara-slime-datta-ken/glava-147-imperiya-zashevelilas/
Глава 146. Захват Подземного Лабиринта. Итог и завершение,https://ranobelib.ru/tensei-shitara-slime-datta-ken/glava-146-zahvat-podzemnogo-labirinta-itog-i-zavershenie/
Глава 145. Захват Подземного Лабиринта. Зачистка Неодолимой Силы,https://ranobelib.ru/tensei-shitara-slime-datta-ken/glava-145-zahvat-podzemnogo-labirinta-zachistka-neodolimoj-sily/
Глава 144. Захват Подземного Лабиринта. Взвод боевой разведки,https://ranobelib.ru/tensei-shitara-slime-datta-ken/glava-144-zahvat-podzemnogo-labirinta-vzvod-boevoj-razvedki/
Глава 143.5 Отступление: История Венома,https://ranobelib.ru/tensei-shitara-slime-datta-ken/glava-143-5-otstuplenie-istoriya-venoma/
Глава 143. Ужасающий корпус,https://ranobelib.ru/tensei-shitara-slime-datta-ken/glava-143-uzhasayushhij-korpus/
Глава 142. Военные дела,https://ranobelib.ru/tensei-shitara-slime-datta-ken/glava-142-voennye-dela/
Глава 141. Неожиданный гость,https://ranobelib.ru/tensei-shitara-slime-datta-ken/glava-141-neozhidannyj-gost/
Глава 140. Результаты исследований,https://ranobelib.ru/tensei-shitara-slime-datta-ken/glava-140-rezultaty-issledovanij/
Глава 139. Полная история встречи,https://ranobelib.ru/tensei-shitara-slime-datta-ken/glava-139-polnaya-istoriya-vstrechi/
Глава 138. Приглашение от Совета,https://ranobelib.ru/tensei-shitara-slime-datta-ken/glava-138-priglashenie-ot-soveta/
Глава 137. Год Прогресса,https://ranobelib.ru/tensei-shitara-slime-datta-ken/glava-137-god-progressa/
Глава 136. Восточная Империя,https://ranobelib.ru/tensei-shitara-slime-datta-ken/glava-136-vostochnaya-imperiya/
Глава 135. После происшествия,https://ranobelib.ru/tensei-shitara-slime-datta-ken/glava-135-posle-proisshestviya/
Глава 134. Леон против Юуки (часть 2),https://ranobelib.ru/tensei-shitara-slime-datta-ken/glava-134-leon-protiv-yuuki-chast-2/
Глава 133. Леон против Юуки (часть 1),https://ranobelib.ru/tensei-shitara-slime-datta-ken/glava-133-leon-protiv-yuuki-chast-1/
Глава 132. Кагурадзака Юуки,https://ranobelib.ru/tensei-shitara-slime-datta-ken/glava-132-kaguradzaka-yuuki/
Глава 131. Владыка Демонов Леон,https://ranobelib.ru/tensei-shitara-slime-datta-ken/glava-131-vladyka-demonov-leon/
Глава 130. Неожиданное приглашение,https://ranobelib.ru/tensei-shitara-slime-datta-ken/glava-130-neozhidannoe-priglashenie/
Глава 129. Карательный набег на Юуки,https://ranobelib.ru/tensei-shitara-slime-datta-ken/glava-129-karatelnyj-nabeg-na-yuuki/
Глава 128. Союз трёх королевств,https://ranobelib.ru/tensei-shitara-slime-datta-ken/glava-128-soyuz-tryoh-korolevstv/
Глава 127. Оправдания и раздумья,https://ranobelib.ru/tensei-shitara-slime-datta-ken/glava-127-opravdaniya-i-razdumya/
Глава 126. Начало восстания,https://ranobelib.ru/tensei-shitara-slime-datta-ken/glava-126-nachalo-vosstaniya/
Глава 125. Воспоминания Героини,https://ranobelib.ru/tensei-shitara-slime-datta-ken/glava-125-vospominaniya-geroini/
Глава 124. Рождение Героини,https://ranobelib.ru/tensei-shitara-slime-datta-ken/glava-124-rozhdenie-geroini/
Глава 123. Предначертанное,https://ranobelib.ru/tensei-shitara-slime-datta-ken/glava-123-prednachertannoe/
Глава 122. Хината и Юуки,https://ranobelib.ru/tensei-shitara-slime-datta-ken/glava-122-hinata-i-yuuki/
Глава 121. Хината и дети,https://ranobelib.ru/tensei-shitara-slime-datta-ken/glava-121-hinata-i-deti/
Глава 120. В путь,https://ranobelib.ru/tensei-shitara-slime-datta-ken/glava-120-v-put/
Глава 119. Как насладиться подземельем,https://ranobelib.ru/tensei-shitara-slime-datta-ken/glava-119-kak-nasladitsya-podzemelem/
Глава 118. Лабиринт и доверие,https://ranobelib.ru/tensei-shitara-slime-datta-ken/glava-118-labirint-i-doverie/
Глава 117. Полёт нормальный,https://ranobelib.ru/tensei-shitara-slime-datta-ken/glava-117-polyot-normalnyj/
Глава 116. Оценочная конференция,https://ranobelib.ru/tensei-shitara-slime-datta-ken/glava-116-otsenochnaya-konferentsiya/
Глава 115. Экскурсия в подземный лабиринт,https://ranobelib.ru/tensei-shitara-slime-datta-ken/glava-115-ekskursiya-v-podzemnyj-labirint/
Глава 114. Финал турнира (часть 9),https://ranobelib.ru/tensei-shitara-slime-datta-ken/glava-114-final-turnira-chast-9/
Глава 113. Финал турнира (часть 8),https://ranobelib.ru/tensei-shitara-slime-datta-ken/glava-113-final-turnira-chast-8/
Глава 112. Финал турнира (часть 7),https://ranobelib.ru/tensei-shitara-slime-datta-ken/glava-112-final-turnira-chast-7/
Глава 111. Финал турнира (часть 6),https://ranobelib.ru/tensei-shitara-slime-datta-ken/glava-111-final-turnira-chast-6/
Глава 110. Финал турнира (часть 5),https://ranobelib.ru/tensei-shitara-slime-datta-ken/glava-110-final-turnira-chast-5/
Глава 109. Финал турнира (часть 4),https://ranobelib.ru/tensei-shitara-slime-datta-ken/glava-109-final-turnira-chast-4/
Глава 199.2. Исчезновение Римуру,https://ranobelib.ru/tensei-shitara-slime-datta-ken/glava-199-2-ischeznovenie-rimuru/
Глава 199.1. Исчезновение Римуру,https://ranobelib.ru/tensei-shitara-slime-datta-ken/glava-199-1-ischeznovenie-rimuru/
Глава 198. Гобута и Карион против Веги из Четырёх Командиров Небесных Бестий,https://ranobelib.ru/tensei-shitara-slime-datta-ken/glava-198-gobuta-i-karion-protiv-vegi-iz-chetyryokh-komandirov-nebesnykh-bestiy/
Глава 197. Демон против Ангела,https://ranobelib.ru/tensei-shitara-slime-datta-ken/glava-197-demon-protiv-angela/
Глава 196. Львиный Король против Веги из Четырёх Командиров Небесных Бестий.,https://ranobelib.ru/tensei-shitara-slime-datta-ken/glava-196-lviniy-korol-protiv-vegi-iz-chetyryokh-komandirov-nebesnykh-bestiy/
Глава 195.2. Хаос и контрмеры,https://ranobelib.ru/tensei-shitara-slime-datta-ken/glava-195-2-haos-i-kontrmery/
Глава 195.1. Хаос и контрмеры,https://ranobelib.ru/tensei-shitara-slime-datta-ken/glava-195-1-haos-i-kontrmery/
Глава 194.2. Мир содрогнулся,https://ranobelib.ru/tensei-shitara-slime-datta-ken/glava-194-2-mir-sodrognulsya/
Глава 194.1. Мир содрогнулся,https://ranobelib.ru/tensei-shitara-slime-datta-ken/glava-194-1-mir-sodrognulsya/
Глава 193. Всеобщая подготовка,https://ranobelib.ru/tensei-shitara-slime-datta-ken/glava-193-vseobshchaya-podgotovka/
Глава 192.2. Вальпургия,https://ranobelib.ru/tensei-shitara-slime-datta-ken/glava-192-2-valpurgiya/
Глава 192.1. Вальпургия,https://ranobelib.ru/tensei-shitara-slime-datta-ken/glava-192-1-valpurgiya/
Глава 191.2. Синтез Навыков Сиэль-сенсей,https://ranobelib.ru/tensei-shitara-slime-datta-ken/glava-191-2-sintez-navykov-siel-sensey/
Глава 191.1. Синтез Навыков Сиэль-сенсей,https://ranobelib.ru/tensei-shitara-slime-datta-ken/glava-191-1-sintez-navykov-siel-sensey/
Глава 190.2. Высочайший Навык,https://ranobelib.ru/tensei-shitara-slime-datta-ken/glava-190-2-vysochayshiy-navyk/
Глава 190.1. Высочайший Навык,https://ranobelib.ru/tensei-shitara-slime-datta-ken/glava-190-1-vysochayshiy-navyk/
Глава 189. Армия в небе,https://ranobelib.ru/tensei-shitara-slime-datta-ken/glava-189-armiya-v-nebe/
Глава 188. Апостол Конца,https://ranobelib.ru/tensei-shitara-slime-datta-ken/glava-188-apostol-kontsa/
"Глава 187. Тот, кто наблюдает",https://ranobelib.ru/tensei-shitara-slime-datta-ken/glava-187-tot-kto-nablyudaet/
Глава 186. Первый ход,https://ranobelib.ru/tensei-shitara-slime-datta-ken/glava-186-perviy-khod/
Глава 185.5. Отступление. Гай Кримсон,https://ranobelib.ru/tensei-shitara-slime-datta-ken/glava-185-5-otstuplenie-gay-krimson/
Глава 185. Начало новой игры,https://ranobelib.ru/tensei-shitara-slime-datta-ken/glava-185-nachalo-novoy-igry/
Глава 184. Один на один,https://ranobelib.ru/tensei-shitara-slime-datta-ken/glava-184-odin-na-odin/
Глава 183. Заключение Договора,https://ranobelib.ru/tensei-shitara-slime-datta-ken/glava-183-zaklyuchenie-dogovora/
Глава 182. Вверить волю,https://ranobelib.ru/tensei-shitara-slime-datta-ken/glava-182-vverit-volyu/
Глава 181. К финальной стадии,https://ranobelib.ru/tensei-shitara-slime-datta-ken/glava-181-k-finalnoy-stadii/
Глава 180. Дуэль на палубе,https://ranobelib.ru/tensei-shitara-slime-datta-ken/glava-180-duel-na-palube/
Глава 179. Чёрные против Империи (часть 2),https://ranobelib.ru/tensei-shitara-slime-datta-ken/glava-179-chyornie-protiv-imperii-chast-2/
Глава 178. Чёрные против Империи (часть 1),https://ranobelib.ru/tensei-shitara-slime-datta-ken/glava-178-chyornie-protiv-imperii-chast-1/
Глава 177. Чёрные,https://ranobelib.ru/tensei-shitara-slime-datta-ken/glava-177-chyornie/
Глава 176. Меч Темпеста,https://ranobelib.ru/tensei-shitara-slime-datta-ken/glava-176-mech-tempesta/
Глава 175. Вельдор освобождённый,https://ranobelib.ru/tensei-shitara-slime-datta-ken/glava-175-veldor-osvobozhdyonniy/
Глава 174. Римуру против Дракона Бури и Сжигающей Драконицы,https://ranobelib.ru/tensei-shitara-slime-datta-ken/glava-174-rimuru-protiv-drakona-buri-i-szhigayushchey-drakonitsy/
Глава 173. Ярость,https://ranobelib.ru/tensei-shitara-slime-datta-ken/glava-173-yarost/
Глава 172. Столкновение! Дракон Бури против Сжигающей Драконицы (часть 2),https://ranobelib.ru/tensei-shitara-slime-datta-ken/glava-172-stolknovenie-drakon-buri-protiv-szhigayushchey-drakonitsy-chast-2/
Глава 171. Столкновение! Дракон Бури против Сжигающей Драконицы (часть 1),https://ranobelib.ru/tensei-shitara-slime-datta-ken/glava-171-stolknovenie-drakon-buri-protiv-szhigayushhej-drakonitsy-chast-1/
Глава 170. Приятное чаепитие,https://ranobelib.ru/tensei-shitara-slime-datta-ken/glava-170-priyatnoe-chaepitie/
Глава 169. Переговоры с Гаем,https://ranobelib.ru/tensei-shitara-slime-datta-ken/glava-169-peregovory-s-gaem/
Глава 168. Гай Кримсон,https://ranobelib.ru/tensei-shitara-slime-datta-ken/glava-168-gaj-krimson/
Глава 167. Точка разветвления эпохи,https://ranobelib.ru/tensei-shitara-slime-datta-ken/glava-167-tochka-razvetvleniya-epohi/
Глава 166. Государственный переворот в столице Империи,https://ranobelib.ru/tensei-shitara-slime-datta-ken/glava-166-gosudarstvennyj-perevorot-v-stolitse-imperii/
Глава 165. Разладившиеся шестеренки,https://ranobelib.ru/tensei-shitara-slime-datta-ken/glava-165-razladivshiesya-shesterenki/
Глава 164. Награда и эволюция (часть 3),https://ranobelib.ru/tensei-shitara-slime-datta-ken/glava-164-nagrada-i-evolyutsiya-chast-3/
Глава 163. Награда и эволюция (часть 2),https://ranobelib.ru/tensei-shitara-slime-datta-ken/glava-163-nagrada-i-evolyutsiya/
Глава 162. Награда и эволюция,https://ranobelib.ru/tensei-shitara-slime-datta-ken/glava-162-nagrada-i-evolyutsiya/
Глава 161-5. Отступление. Ситуация Шинджи,https://ranobelib.ru/tensei-shitara-slime-datta-ken/glava-161-5-otstuplenie-situatsiya-shindzhi/
"Глава 161. Работа не бога, а Владыки Демонов",https://ranobelib.ru/tensei-shitara-slime-datta-ken/glava-161-rabota-ne-boga-a-vladyki-demonov/
Глава 160. Война: зачистка и истребление,https://ranobelib.ru/tensei-shitara-slime-datta-ken/glava-160-vojna-zachistka-i-istreblenie/
Глава 159: Битва за Столицу,https://ranobelib.ru/tensei-shitara-slime-datta-ken/glava-159-bitva-za-stolitsu/
Глава 158. Сильнейший в Подземелье,https://ranobelib.ru/tensei-shitara-slime-datta-ken/glava-158-silnejshij-v-podzemele/
Глава 234.1. Вторжение в Лабиринт (часть 7),https://ranobelib.ru/tensei-shitara-slime-datta-ken/glava-234-1-vtorzhenie-v-labirint-chast-7/
Глава 233.2. Вторжение в Лабиринт (часть 6),https://ranobelib.ru/tensei-shitara-slime-datta-ken/glava-233-2-vtorzhenie-v-labirint-chast-6/
Глава 233.1. Вторжение в Лабиринт (часть 6),https://ranobelib.ru/tensei-shitara-slime-datta-ken/glava-233-1-vtorzhenie-v-labirint-chast-6/
Глава 232.2. Вторжение в Лабиринт (часть 5),https://ranobelib.ru/tensei-shitara-slime-datta-ken/glava-232-2-vtorzhenie-v-labirint-chast-5/
Глава 232.1. Вторжение в Лабиринт (часть 5),https://ranobelib.ru/tensei-shitara-slime-datta-ken/glava-232-1-vtorzhenie-v-labirint-chast-5/
Глава 231.2. Вторжение в Лабиринт (часть 4),https://ranobelib.ru/tensei-shitara-slime-datta-ken/glava-231-2-vtorzhenie-v-labirint-chast-4/
Глава 231.1. Вторжение в Лабиринт (часть 4),https://ranobelib.ru/tensei-shitara-slime-datta-ken/glava-231-1-vtorzhenie-v-labirint-chast-4/
Глава 230.2. Вторжение в Лабиринт (часть 3),https://ranobelib.ru/tensei-shitara-slime-datta-ken/glava-230-2-vtorzhenie-v-labirint-chast-3/
Глава 230.1. Вторжение в Лабиринт (часть 3),https://ranobelib.ru/tensei-shitara-slime-datta-ken/glava-230-1-vtorzhenie-v-labirint-chast-3/
Глава 229. Вторжение в Лабиринт (часть 2),https://ranobelib.ru/tensei-shitara-slime-datta-ken/glava-229-vtorzhenie-v-labirint-chast-2/
Глава 228. Вторжение в лабиринт,https://ranobelib.ru/tensei-shitara-slime-datta-ken/glava-228-vtorzhenie-v-labirint/
Глава 227.2. Перекрестное поражение,https://ranobelib.ru/tensei-shitara-slime-datta-ken/glava-227-2-perekrestnoe-porazhenie/
Глава 227.1. Перекрестное поражение,https://ranobelib.ru/tensei-shitara-slime-datta-ken/glava-227-1-perekrestnoe-porazhenie/
Глава 226.2. Тревога Королевской Столицы — Поражение — (часть вторая),https://ranobelib.ru/tensei-shitara-slime-datta-ken/glava-226-2-trevoga-korolevskoj-stolitsy-porazhenie-chast-vtoraya/
Глава 226. Тревога Королевской Столицы — Поражение — (часть первая),https://ranobelib.ru/tensei-shitara-slime-datta-ken/glava-226-trevoga-korolevskoj-stolitsy-porazhenie-chast-pervaya/
Глава 225. Тревога Королевской Столицы — Эвакуация —,https://ranobelib.ru/tensei-shitara-slime-datta-ken/glava-225-trevoga-korolevskoj-stolitsy-evakuatsiya/
Глава 224. Тревога Королевской Столицы — Внезапные Перемены — (18+),https://ranobelib.ru/tensei-shitara-slime-datta-ken/glava-224-trevoga-korolevskoj-stolitsy-vnezapnye-peremeny-18/
Глава 223. Тревога Королевской Столицы — Герой,https://ranobelib.ru/tensei-shitara-slime-datta-ken/glava-223-trevoga-korolevskoj-stolitsy-geroj/
Глава 222. Тревога Королевской Столицы,https://ranobelib.ru/tensei-shitara-slime-datta-ken/glava-222-trevoga-korolevskoj-stolitsy/
Глава 221.2. Против Дагрюэля (часть восьмая — заключительная),https://ranobelib.ru/tensei-shitara-slime-datta-ken/glava-221-2-protiv-dagryuelya-chast-vosmaya-zaklyuchitelnaya/
Глава 221.1. Против Дагрюэля (часть восьмая — заключительная),https://ranobelib.ru/tensei-shitara-slime-datta-ken/glava-221-1-protiv-dagryuelya-chast-vosmaya-zaklyuchitelnaya/
Глава 220. Против Дагрюэля (часть седьмая),https://ranobelib.ru/tensei-shitara-slime-datta-ken/glava-220-protiv-dagryuelya-chast-sedmaya/
Глава 219.2. Против Дагрюэля (часть шестая),https://ranobelib.ru/tensei-shitara-slime-datta-ken/glava-219-2-protiv-dagryuelya-chast-shestaya/
Глава 219.1. Против Дагрюэля (часть шестая),https://ranobelib.ru/tensei-shitara-slime-datta-ken/glava-219-1-protiv-dagryuelya-chast-shestaya/
Глава 218. Против Дагрюэля (часть пятая),https://ranobelib.ru/tensei-shitara-slime-datta-ken/glava-218-protiv-dagryuelya-chast-pyataya/
Глава 217. Время ускорилось,https://ranobelib.ru/tensei-shitara-slime-datta-ken/glava-217-vremya-uskorilos/
Глава 216. Закрытый мир (часть 2),https://ranobelib.ru/tensei-shitara-slime-datta-ken/glava-216-zakrytiy-mir-chast-2/
Глава 215. Закрытый мир (часть 1),https://ranobelib.ru/tensei-shitara-slime-datta-ken/glava-215-zakrytiy-mir-chast-1/
Глава 214. Несправедливый конец (часть 2),https://ranobelib.ru/tensei-shitara-slime-datta-ken/glava-214-nespravedliviy-konets-chast-2/
Глава 213. Несправедливый конец (часть 1),https://ranobelib.ru/tensei-shitara-slime-datta-ken/glava-213-nespravedliviy-konets-chast-1/
Глава 212. Глупый Казарим,https://ranobelib.ru/tensei-shitara-slime-datta-ken/glava-212-glupiy-kazarim/
Глава 211. Ошибка в расчётах (часть 2),https://ranobelib.ru/tensei-shitara-slime-datta-ken/glava-211-oshibka-v-raschyotakh-chast-2/
Глава 210. Ошибка в расчётах (часть 1),https://ranobelib.ru/tensei-shitara-slime-datta-ken/glava-210-oshibka-v-raschyotakh-chast-1/
Глава 209. Чувства Леона (часть 2),https://ranobelib.ru/tensei-shitara-slime-datta-ken/glava-209-chuvstva-leona-chast-2/
Глава 208. Чувства Леона (часть 1),https://ranobelib.ru/tensei-shitara-slime-datta-ken/glava-208-chuvstva-leona-chast-1/
Глава 207. Росток Зависти (часть 2),https://ranobelib.ru/tensei-shitara-slime-datta-ken/glava-207-rostok-zavisti-chast-2/
Глава 206. Росток Зависти (часть 1),https://ranobelib.ru/tensei-shitara-slime-datta-ken/glava-206-rostok-zavisti-chast-1/
Глава 205.6. Против Дагрюэля,https://ranobelib.ru/tensei-shitara-slime-datta-ken/glava-205-6-protiv-dagryuelya/
Глава 205.5. Против Дагрюэля,https://ranobelib.ru/tensei-shitara-slime-datta-ken/glava-205-5-protiv-dagryuelya/
Глава 205.4. Против Дагрюэля,https://ranobelib.ru/tensei-shitara-slime-datta-ken/glava-205-4-protiv-dagryuelya/
Глава 205.3. Против Дагрюэля,https://ranobelib.ru/tensei-shitara-slime-datta-ken/glava-205-3-protiv-dagryuelya/
Глава 205.2. Против Дагрюэля,https://ranobelib.ru/tensei-shitara-slime-datta-ken/glava-205-2-protiv-dagryuelya/
Глава 205.1. Против Дагрюэля,https://ranobelib.ru/tensei-shitara-slime-datta-ken/glava-205-1-protiv-dagryuelya/
Глава 204.2. Мир в растерянности,https://ranobelib.ru/tensei-shitara-slime-datta-ken/glava-204-2-mir-v-rasteryannosti/
Глава 204.1. Мир в растерянности,https://ranobelib.ru/tensei-shitara-slime-datta-ken/glava-204-1-mir-v-rasteryannosti/
Глава 203.2. Великий Владыка Демонов Казарим,https://ranobelib.ru/tensei-shitara-slime-datta-ken/glava-203-2-velikiy-vladyka-demonov-kazarim/
Глава 203.1. Великий Владыка Демонов Казарим,https://ranobelib.ru/tensei-shitara-slime-datta-ken/glava-203-1-velikiy-vladyka-demonov-kazarim/
Глава 202. Клоунская Труппа Умеренности,https://ranobelib.ru/tensei-shitara-slime-datta-ken/glava-202-klounskaya-truppa-umerennosti/
Глава 201. Подготовка на стороне Леона,https://ranobelib.ru/tensei-shitara-slime-datta-ken/glava-201-podgotovka-na-storone-leona/
Глава 200. Реакции каждого из них,https://ranobelib.ru/tensei-shitara-slime-datta-ken/glava-200-reaktsii-kazhdogo-iz-nikh/
Дополнительная история 4.2. Элегантный план побега Римуру (часть 4),https://ranobelib.ru/tensei-shitara-slime-datta-ken/dopolnitelnaya-istoriya-4-2-elegantnyj-plan-pobega-rimuru-chast-4/
Дополнительная история 4.1. Элегантный план побега Римуру (часть 4),https://ranobelib.ru/tensei-shitara-slime-datta-ken/dopolnitelnaya-istoriya-4-1-elegantnyj-plan-pobega-rimuru-chast-4/
Дополнительная история 3.3. Элегантный план побега Римуру (часть 3),https://ranobelib.ru/tensei-shitara-slime-datta-ken/dopolnitelnaya-istoriya-3-3-elegantnyj-plan-pobega-rimuru-chast-3/
Дополнительная история 3.2. Элегантный план побега Римуру (часть 3),https://ranobelib.ru/tensei-shitara-slime-datta-ken/dopolnitelnaya-istoriya-3-2-elegantnyj-plan-pobega-rimuru-chast-3/
Дополнительная история 3.1. Элегантный план побега Римуру (часть 3),https://ranobelib.ru/tensei-shitara-slime-datta-ken/dopolnitelnaya-istoriya-3-1-elegantnyj-plan-pobega-rimuru-chast-3/
Дополнительная история 2.2. Элегантный план побега Римуру (часть 2),https://ranobelib.ru/tensei-shitara-slime-datta-ken/dopolnitelnaya-istoriya-2-2-elegantnyj-plan-pobega-rimuru-chast-2/
Дополнительная история 2.1. Элегантный план побега Римуру (часть 2),https://ranobelib.ru/tensei-shitara-slime-datta-ken/dopolnitelnaya-istoriya-2-1-elegantnyj-plan-pobega-rimuru-chast-2/
Дополнительная история 1.2. Элегантный план побега Римуру (часть 1),https://ranobelib.ru/tensei-shitara-slime-datta-ken/dopolnitelnaya-istoriya-1-2-elegantnyj-plan-pobega-rimuru-chast-1/
Дополнительная история 1.1. Элегантный план побега Римуру (часть 1),https://ranobelib.ru/tensei-shitara-slime-datta-ken/dopolnitelnaya-istoriya-1-1-elegantnyj-plan-pobega-rimuru-chast-1/
Глава 251.3. Перерождение в…,https://ranobelib.ru/tensei-shitara-slime-datta-ken/glava-251-3-pererozhdenie-v/
Глава 251.2. Перерождение в…,https://ranobelib.ru/tensei-shitara-slime-datta-ken/glava-251-2-pererozhdenie-v/
Глава 251.1. Перерождение в…,https://ranobelib.ru/tensei-shitara-slime-datta-ken/glava-251-1-pererozhdenie-v/
Глава 250.3. Римуру против Юуки (часть 3),https://ranobelib.ru/tensei-shitara-slime-datta-ken/glava-250-3-rimuru-protiv-yuuki-chast-3/
Глава 250.2. Римуру против Юуки (часть 3),https://ranobelib.ru/tensei-shitara-slime-datta-ken/glava-250-2-rimuru-protiv-yuuki-chast-3/
Глава 250.1. Римуру против Юуки (часть 3),https://ranobelib.ru/tensei-shitara-slime-datta-ken/glava-250-1-rimuru-protiv-yuuki-chast-3/
Глава 249.3. Римуру против Юуки (часть 2),https://ranobelib.ru/tensei-shitara-slime-datta-ken/glava-249-3-rimuru-protiv-yuuki-chast-2/
Глава 249.2. Римуру против Юуки (часть 2),https://ranobelib.ru/tensei-shitara-slime-datta-ken/glava-249-2-rimuru-protiv-yuuki-chast-2/
Глава 249.1. Римуру против Юуки (часть 2),https://ranobelib.ru/tensei-shitara-slime-datta-ken/glava-249-1-rimuru-protiv-yuuki-chast-2/
Глава 248.2. Римуру против Юуки (часть 1),https://ranobelib.ru/tensei-shitara-slime-datta-ken/glava-248-2-rimuru-protiv-yuuki-chast-1/
Глава 248.1. Римуру против Юуки (часть 1),https://ranobelib.ru/tensei-shitara-slime-datta-ken/glava-248-1-rimuru-protiv-yuuki-chast-1/
Глава 247.2. Решающая битва на высшем уровне (часть 6),https://ranobelib.ru/tensei-shitara-slime-datta-ken/glava-247-2-reshayushhaya-bitva-na-vysshem-urovne-chast-6/
Глава 247.1. Решающая битва на высшем уровне (часть 6),https://ranobelib.ru/tensei-shitara-slime-datta-ken/glava-247-1-reshayushhaya-bitva-na-vysshem-urovne-chast-6/
Глава 246.2. Решающая битва на высшем уровне (часть 5),https://ranobelib.ru/tensei-shitara-slime-datta-ken/glava-246-2-reshayushhaya-bitva-na-vysshem-urovne-chast-5/
Глава 246.1. Решающая битва на высшем уровне (часть 5),https://ranobelib.ru/tensei-shitara-slime-datta-ken/glava-246-1-reshayushhaya-bitva-na-vysshem-urovne-chast-5/
Глава 245.3. Решающая битва на высшем уровне (часть 4),https://ranobelib.ru/tensei-shitara-slime-datta-ken/glava-245-3-reshayushhaya-bitva-na-vysshem-urovne-chast-4/
Глава 245.2. Решающая битва на высшем уровне (часть 4),https://ranobelib.ru/tensei-shitara-slime-datta-ken/glava-245-2-reshayushhaya-bitva-na-vysshem-urovne-chast-4/
Глава 245.1. Решающая битва на высшем уровне (часть 4),https://ranobelib.ru/tensei-shitara-slime-datta-ken/glava-245-1-reshayushhaya-bitva-na-vysshem-urovne-chast-4/
Глава 244.3. Решающая битва на высшем уровне (часть 3),https://ranobelib.ru/tensei-shitara-slime-datta-ken/glava-244-3-reshayushhaya-bitva-na-vysshem-urovne-chast-3/
Глава 244.2. Решающая битва на высшем уровне (часть 3),https://ranobelib.ru/tensei-shitara-slime-datta-ken/glava-244-2-reshayushhaya-bitva-na-vysshem-urovne-chast-3/
Глава 244.1. Решающая битва на высшем уровне (часть 3),https://ranobelib.ru/tensei-shitara-slime-datta-ken/glava-244-1-reshayushhaya-bitva-na-vysshem-urovne-chast-3/
Глава 243.2. Решающая битва на высшем уровне (часть 2),https://ranobelib.ru/tensei-shitara-slime-datta-ken/glava-243-2-reshayushhaya-bitva-na-vysshem-urovne-chast-2/
Глава 243.1. Решающая битва на высшем уровне (часть 2),https://ranobelib.ru/tensei-shitara-slime-datta-ken/glava-243-1-reshayushhaya-bitva-na-vysshem-urovne-chast-2/
Глава 242.2. Решающая битва на высшем уровне (часть 1),https://ranobelib.ru/tensei-shitara-slime-datta-ken/glava-242-2-reshayushhaya-bitva-na-vysshem-urovne-chast-1/
Глава 242.1. Решающая битва на высшем уровне (часть 1),https://ranobelib.ru/tensei-shitara-slime-datta-ken/glava-242-1-reshayushhaya-bitva-na-vysshem-urovne-chast-1/
Глава 241.2. Возвышающаяся стена,https://ranobelib.ru/tensei-shitara-slime-datta-ken/glava-241-2-vozvyshayushhayasya-stena/
Глава 241.1. Возвышающаяся стена,https://ranobelib.ru/tensei-shitara-slime-datta-ken/glava-241-1-vozvyshayushhayasya-stena/
Глава 240.2. Справедливость и противоречие,https://ranobelib.ru/tensei-shitara-slime-datta-ken/glava-240-2-spravedlivost-i-protivorechie/
Глава 240.1. Справедливость и противоречие,https://ranobelib.ru/tensei-shitara-slime-datta-ken/glava-240-1-spravedlivost-i-protivorechie/
Глава 239.2. На Северной Земле (часть 3),https://ranobelib.ru/tensei-shitara-slime-datta-ken/glava-239-2-na-severnoj-zemle-chast-3/
Глава 239.1. На Северной Земле (часть 3),https://ranobelib.ru/tensei-shitara-slime-datta-ken/glava-239-1-na-severnoj-zemle-chast-3/
Глава 238.2. На Северной Земле (часть 2),https://ranobelib.ru/tensei-shitara-slime-datta-ken/glava-238-2-na-severnoj-zemle-chast-2/
Глава 238.1. На Северной Земле (часть 2),https://ranobelib.ru/tensei-shitara-slime-datta-ken/glava-238-1-na-severnoj-zemle-chast-2/
Глава 237.2. На Северной Земле (часть 1),https://ranobelib.ru/tensei-shitara-slime-datta-ken/glava-237-2-na-severnoj-zemle-chast-1/
Глава 237.1. На Северной Земле (часть 1),https://ranobelib.ru/tensei-shitara-slime-datta-ken/glava-237-1-na-severnoj-zemle-chast-1/
Глава 236.2. Власть Архангела,https://ranobelib.ru/tensei-shitara-slime-datta-ken/glava-236-2-vlast-arhangela/
Глава 236.1. Власть Архангела,https://ranobelib.ru/tensei-shitara-slime-datta-ken/glava-236-1-vlast-arhangela/
Глава 235.3. Вторжение в Лабиринт — Заключение (часть 8),https://ranobelib.ru/tensei-shitara-slime-datta-ken/glava-235-3-vtorzhenie-v-labirint-zaklyuchenie-chast-8/
Глава 235.2. Вторжение в Лабиринт — Заключение (часть 8),https://ranobelib.ru/tensei-shitara-slime-datta-ken/glava-235-2-vtorzhenie-v-labirint-zaklyuchenie-chast-8/
Глава 235.1. Вторжение в Лабиринт — Заключение (часть 8),https://ranobelib.ru/tensei-shitara-slime-datta-ken/glava-235-1-vtorzhenie-v-labirint-zaklyuchenie-chast-8/
Глава 234.2. Вторжение в Лабиринт (часть 7),https://ranobelib.ru/tensei-shitara-slime-datta-ken/glava-234-2-vtorzhenie-v-labirint-chast-7/
